{"data_sum": {"First layer thickness (nm)": 11061093.182072718, "First layer grain size (nm)": 5112831.041888306, "First layer Eg (eV)": 17980.282274892095, "Second layer thickness (nm)": 1136287.8058798877, "Second layer grain size (nm)": 375219.368174145, "Second layer Eg (eV)": 8257.356503565528, "Third layer thickness (nm)": 100614.3846746297, "Electrolyte concentration (M)": 2404.843974101985, "PH": 50002.14132007699, "RHE bias (V vs RHE)": 952.7373589890001}}