{"data_sum": {"First layer thickness (nm)": 11823159.22384727, "First layer grain size (nm)": 5296310.030061087, "First layer Eg (eV)": 19574.643855147064, "Second layer thickness (nm)": 1287140.0054052602, "Second layer grain size (nm)": 670859.8318352068, "Second layer Eg (eV)": 9368.110449391264, "Third layer thickness (nm)": 109604.69869350962, "Electrolyte concentration (M)": 2281.2335381259745, "PH": 49786.77439226594, "Photocurrent density (mA/cm2)": -34156.335002898995}}